r,Max_Lyapunov_Exponent
0.9,-0.012491629490439094
0.92,-0.01224672744451655
0.94,-0.012342729076358071
0.96,-0.01203197407123976
0.98,-0.007410675120344391
1.0,-0.0019371167080316667
1.02,-0.007410158558881145
1.04,-0.012628256522149073
1.06,-0.013545439341298099
1.08,-0.012111694553929747
1.1,-0.012070286455941865
1.12,-0.01249035447153545
1.14,-0.012057087350589224
1.16,-0.012272336997022718
1.18,-0.012536191131613255
1.2,-0.012073297903656528
1.22,-0.012510493880391415
1.24,-0.012316661785717076
1.26,-0.012093094501730227
1.28,-0.01233238164797081
1.3,-0.012874554963400734
1.32,-0.01303721761476836
1.34,-0.012962215596549807
1.36,-0.012125197473215294
1.38,-0.012914436726637318
1.4,-0.0127318725998888
1.42,-0.01218427533436591
1.44,-0.012413128794576882
1.46,-0.01200570121189269
1.48,-0.01222153396835583
1.5,-0.011986743431067313
1.52,-0.01214411946774602
1.54,-0.012943070088436327
1.56,-0.012432817701334763
1.58,-0.012209200862670064
1.6,-0.012488314985971928
1.62,-0.012375070712098
1.64,-0.012313213284411928
1.66,-0.012232416132975203
1.68,-0.012638684523924583
1.7,-0.01219758045194175
1.72,-0.012119964835005062
1.74,-0.011913917989545405
1.76,-0.012438772513205501
1.78,-0.012348436454237754
1.8,-0.012474182222687416
1.82,-0.011965878138213048
1.84,-0.012502639174359627
1.86,-0.012164396154800462
1.88,-0.012560705559248939
1.9,-0.014207851627969597
1.92,-0.012525754277266134
1.94,-0.012813644417797745
1.96,-0.014276781306930022
1.98,-0.012453938938038762
2.0,-0.01209778253290717
2.02,-0.012676313294253812
2.04,-0.012652443699334265
2.06,-0.011865654646294965
2.08,-0.012590686711568575
2.1,-0.012090845473441717
2.12,-0.012287935888212425
2.14,-0.012083212892646026
2.16,-0.012588322546956758
2.18,-0.011784349199089111
2.2,-0.012228388142483981
2.22,-0.011833033272290943
2.24,-0.011962995204265935
2.26,-0.012390499217488438
2.28,-0.012096405756940072
2.3,-0.011784472311201454
2.32,-0.012080082769378452
2.34,-0.011832284789627622
2.36,-0.012257735733951721
2.38,-0.012367728847827658
2.4,-0.01193913695460878
2.42,-0.012068308709668926
2.44,-0.01156328033104824
2.46,-0.011750993534079641
2.48,-0.011990164850231421
2.5,-0.012076700512530873
2.52,-0.012470302813173665
2.54,-0.01174286223580694
2.56,-0.011883951925467864
2.58,-0.011316105070128955
2.6,-0.01179509552091204
2.62,-0.004763871015973726
2.64,-0.011387837117038386
2.66,-0.011763462167242264
2.68,-0.012240077356627698
2.7,-0.012690963731470712
2.72,-0.012783074419864626
2.74,-0.012170346922847061
2.76,-0.012485506454102064
2.78,-0.012442652318906984
2.8,-0.012399826251137678
2.82,-0.012767206068392904
2.84,-0.012448615220022113
2.86,-0.012094584949942836
2.88,-0.01228884355066406
2.9,-0.01275524626446618
2.92,-0.01245469200342054
2.94,-0.012363614623131873
2.96,-0.012956191147362177
2.98,-0.01271560472290542
3.0,-0.012440164572210463
3.02,-0.01211468219776698
3.04,-0.012275239747838064
3.06,-0.012088606852068138
3.08,-0.012009789857680782
3.1,-0.01204537249713583
3.12,-0.013052522256177975
3.14,-0.011341608934603746
3.16,-0.011566127862875633
3.18,-0.011404700563403123
3.2,-0.010423584417803009
3.22,-0.01182857730610874
3.24,-0.010926193823449235
3.26,-0.010706322129026485
3.28,-0.009572782977531002
3.3,-0.009988298363028173
3.32,0.09543976216831825
3.34,0.16057077123984959
3.36,0.1990059202419942
3.38,0.28970697201285756
3.4,0.3067747440442587
3.42,0.32396983719549843
3.44,0.35220926970702165
3.46,0.30968481424436983
3.48,0.35117333712204973
3.5,0.3250833881635615
3.52,0.3189176633959366
3.54,0.36207666999824833
3.56,0.35258135772650884
3.58,0.37733966872227986
3.6,0.4032310030069852
3.62,0.0927644410170562
3.64,0.3901548184909974
3.66,nan
3.68,nan
3.7,0.1570132581322939
